song,musician,album
술이 문제야,장혜진,술이 문제야
Speechless (Full),Naomi Scott,Aladdin (Original Motion Picture Soundtrack) (알라딘 OST)
솔직하게 말해서 나,김나영,솔직하게 말해서 나
서울 밤 (Feat. 빈지노),어반 자카파(Urban Zakapa),서울 밤
짐살라빔 (Zimzalabim),Red Velvet (레드벨벳),`The ReVe Festival` Day 1
bad guy,Billie Eilish,"WHEN WE ALL FALL ASLEEP, WHERE DO WE GO?"
누구 없소 (NO ONE) (Feat. B.I of iKON),이하이,24℃
사랑에 연습이 있었다면 (Prod. 2soo),임재현,사랑에 연습이 있었다면
너에게 못했던 내 마지막 말은,다비치,너에게 못했던 내 마지막 말은
2002,Anne-Marie,Speak Your Mind (Deluxe)
BIRTHDAY,전소미,BIRTHDAY
A Whole New World,Mena Massoud,Aladdin (Original Motion Picture Soundtrack) (알라딘 OST)
라이딩 (Riding) (Feat. 개코),하성운,라이딩 (Riding)
대충 입고 나와,우디 (Woody),대충 입고 나와
오늘 밤에,홍진영,Lots of Love
안녕하세요,김재환,Another
작은 것들을 위한 시 (Boy With Luv) (Feat. Halse ..,방탄소년단,MAP OF THE SOUL : PERSONA
Follow,유노윤호 (U-KNOW),True Colors - The 1st Mini Album
사계 (Four Seasons),태연 (TAEYEON),사계 (Four Seasons)
FANCY,TWICE(트와이스),FANCY YOU
노래방에서,장범준,장범준 3집
주저하는 연인들을 위해,잔나비,전설
Think of You,하성운,그녀의 사생활 OST Part 6
니 소식,송하예,니 소식
BREATHE,AB6IX (에이비식스),B:COMPLETE
Goodbye,박효신,Goodbye
그때가 좋았어,케이시(Kassy),그때가 좋았어
면역력,하성운,바람이 분다 OST Part 3
Kill This Love,BLACKPINK,KILL THIS LOVE
BIRD,하성운,My Moment
"모든 날, 모든 순간 (Every day, Every Moment)",폴킴,`키스 먼저 할까요?` OST Part 3
잊지마요 (Feat. 박지훈),하성운,잊지마요
Arabian Nights (2019),Will Smith,Aladdin (Original Motion Picture Soundtrack) (알라딘 OST)
벌써 12시,청하,벌써 12시
비가 오잖아,소유(SOYOU),비가 오잖아
Prince Ali,Will Smith,Aladdin (Original Motion Picture Soundtrack) (알라딘 OST)
너를 만나,폴킴,너를 만나
AH YEAH (아예),WINNER,WE
오.꼭.말,하성운,My Moment
Swing (Feat. BoA),유노윤호 (U-KNOW),True Colors - The 1st Mini Album
문득,하성운,My Moment
달라달라,ITZY(있지),IT`z Different
"나만, 봄",볼빨간사춘기,사춘기집Ⅰ 꽃기운
사계 (하루살이),엠씨더맥스,Circular
Lonely Night,하성운,My Moment
옥탑방 (Rooftop),엔플라잉(N.Flying),FLY HIGH PROJECT #2 `옥탑방`
넘쳐흘러,엠씨더맥스,Circular
"All Falls Down (Feat. Noah Cyrus, Digit ..",Alan Walker,Different World
Way Back Home,숀(SHAUN),Take
HOLLYWOOD,AB6IX (에이비식스),B:COMPLETE
